{"units":"W","wec1":{"P_inc":76.582255094429769,"P_abs":27.773549789163052,"P_not":48.808705305266713,"P_pto":11.769338049542398,"P_rad":16.004211739620654,"P_del":11.760663024715775,"P_loss":0.0086750248266235491},"wec2":{"P_inc":76.582255094429769,"P_abs":22.847346626905747,"P_not":53.734908467524022,"P_pto":9.6261457198961882,"P_rad":13.221200907009559,"P_del":9.6201723532502612,"P_loss":0.0059733666459278311}}