{"units":"W","wec1":{"P_inc":76.582255094429769,"P_abs":26.706362613619206,"P_not":49.875892480810563,"P_pto":11.228802118590121,"P_rad":15.477560495029085,"P_del":11.220367363886632,"P_loss":0.0084347547034891585},"wec2":{"P_inc":76.582255094429769,"P_abs":24.485473781486249,"P_not":52.09678131294352,"P_pto":10.895358683102371,"P_rad":13.590115098383878,"P_del":10.887389759397536,"P_loss":0.0079689237048358556}}