{"units":"W","wec1":{"P_inc":76.582255094429769,"P_abs":17.092877790825547,"P_not":59.489377303604222,"P_pto":7.7477088951978237,"P_rad":9.3451688956277223,"P_del":7.7444243180002852,"P_loss":0.0032845771975383397},"wec2":{"P_inc":76.582255094429769,"P_abs":7.4088786331836483,"P_not":69.173376461246121,"P_pto":9.3396484482174915E-66,"P_rad":7.4088786331836483,"P_del":9.3396484482174915E-66,"P_loss":1.3384665224039703E-134}}