{"units":"W","wec1":{"P_inc":76.582255094429769,"P_abs":33.41851967377994,"P_not":43.163735420649829,"P_pto":13.814482911469122,"P_rad":19.60403676231082,"P_del":13.804367595933991,"P_loss":0.0101153155351314},"wec2":{"P_inc":76.582255094429769,"P_abs":23.24364844546561,"P_not":53.338606648964159,"P_pto":10.535250509408954,"P_rad":12.708397936056656,"P_del":10.529506964041266,"P_loss":0.0057435453676877388}}